Ticker,Date,Predicted_Volatility
EEM,2025-04-14,0.010207601356477474
EEM,2025-04-15,0.010050967762542785
EEM,2025-04-16,0.010170794771083477
EEM,2025-04-17,0.010088739505314496
EEM,2025-04-18,0.00946450298564966
EEM,2025-04-21,0.010092659236936077
EEM,2025-04-22,0.010388746943475571
GLD,2025-04-14,0.010614466455385075
GLD,2025-04-15,0.010237618569250007
GLD,2025-04-16,0.010365070166185132
GLD,2025-04-17,0.01022091405820538
GLD,2025-04-18,0.010343157742839093
GLD,2025-04-21,0.0104465509274048
GLD,2025-04-22,0.010127906881582154
QQQ,2025-04-14,0.014538563048684958
QQQ,2025-04-15,0.014334134454510747
QQQ,2025-04-16,0.014226767236995848
QQQ,2025-04-17,0.01418736780220512
QQQ,2025-04-18,0.014716676002491227
QQQ,2025-04-21,0.014461384799129666
QQQ,2025-04-22,0.014581148004614157
SPY,2025-04-14,0.010345998248267875
SPY,2025-04-15,0.00999284063712195
SPY,2025-04-16,0.010494465560980949
SPY,2025-04-17,0.010131960849224015
SPY,2025-04-18,0.01036033561372538
SPY,2025-04-21,0.010216349101275474
SPY,2025-04-22,0.01070214300627613
TLT,2025-04-14,0.010397603468609464
TLT,2025-04-15,0.009684476830104661
TLT,2025-04-16,0.009872249593761527
TLT,2025-04-17,0.009591428083758935
TLT,2025-04-18,0.010009784387426153
TLT,2025-04-21,0.010359643603793576
TLT,2025-04-22,0.009469493659581845
VEA,2025-04-14,0.011297857004284007
VEA,2025-04-15,0.010803212472169477
VEA,2025-04-16,0.011112720183160058
VEA,2025-04-17,0.010804431147269013
VEA,2025-04-18,0.011397436354179287
VEA,2025-04-21,0.010907188902935752
VEA,2025-04-22,0.010771617567915302
VNQ,2025-04-14,0.010472474808908163
VNQ,2025-04-15,0.01006623546356948
VNQ,2025-04-16,0.010011441936150669
VNQ,2025-04-17,0.009957760326401872
VNQ,2025-04-18,0.010871224745115792
VNQ,2025-04-21,0.010213774025372517
VNQ,2025-04-22,0.009888558556009385
VTI,2025-04-14,0.012117186065685915
VTI,2025-04-15,0.013573404532775675
VTI,2025-04-16,0.013280886301588609
VTI,2025-04-17,0.012417027989890056
VTI,2025-04-18,0.012299948165158078
VTI,2025-04-21,0.01306382405934396
VTI,2025-04-22,0.012567465035145364
XLF,2025-04-14,0.010756086298292012
XLF,2025-04-15,0.010891433786506895
XLF,2025-04-16,0.01067397851243605
XLF,2025-04-17,0.010750641564153758
XLF,2025-04-18,0.010824900077361727
XLF,2025-04-21,0.01118114572151419
XLF,2025-04-22,0.010767117963010983
XLV,2025-04-14,0.0080205516922786
XLV,2025-04-15,0.008059202263735231
XLV,2025-04-16,0.007923061291117285
XLV,2025-04-17,0.008234335333719754
XLV,2025-04-18,0.008111716885153362
XLV,2025-04-21,0.007619155702153973
XLV,2025-04-22,0.008052174773544732
